9219866,[[8.24536e+05 0.00000e+00 1.00000e-10]],0.311,68.9,0,1500,0,2
509149890, 1client_big_img.txt,,,,,,
509170015, 2client_var_big_img.txt,,,,,,
509190328, 3client_small_txt_1.txt,,,,,,
509210390, 4client_med_img_2.txt,,,,,,
509222015,[[8.30895e+05 0.00000e+00 1.00000e-10]],0.803076923,19.69230769,0,100,0,1
509224124,[[8.30895e+05 0.00000e+00 1.00000e-10]],0.982142857,1.785714286,0,100,0,1
509226359,[[8.24536e+05 0.00000e+00 1.00000e-10]],0.521,718.5,0,100,0,3
509228624,[[8.30895e+05 0.00000e+00 1.00000e-10]],0.303636364,69.63636364,0,1500,0,0
509230531, 5client_var_med_img.txt,,,,,,
509230804,[[3.33471667e+05 0.00000000e+00 2.91829583e+00]],0.608333333,39.16666667,0,100,0,1
509232988,[[6.6973e+04 0.0000e+00 3.0000e+00]],0.918083333,122.875,0,100,0,2
509235141,[[6.697300e+04 0.000000e+00 3.169925e+00]],0.924888889,112.6666667,0,1500,0,2
509237417,[[8.47600000e+04 0.00000000e+00 3.54659356e+00]],0.580769231,41.92307692,0,1500,0,1
509239700,[[6.69730000e+04 0.00000000e+00 3.32192809e+00]],0.113,88.7,0,100,0,3
509241851,[[6.6972875e+04 0.0000000e+00 3.0000000e+00]],0.911416667,132.875,0,100,0,2
509244152,[[8.476e+04 0.000e+00 4.000e+00]],0.8875,11.25,0,1500,0,0
509246443,[[6.6973e+04 0.0000e+00 3.0000e+00]],0.9185,122.25,0,100,0,2
509248619,[[8.476e+04 0.000e+00 3.875e+00]],0.873125,12.6875,0,1500,0,0
509250687, 1client_big_img.txt,,,,,,
509250782,[[6.6973e+04 0.0000e+00 2.0000e+00]],0.918,123,0,100,0,2
509253246,[[1.671167e+06 0.000000e+00 1.000000e-10]],0.911583333,132.625,0,1500,0,0
509255375,[[1.671167e+06 0.000000e+00 1.000000e-10]],0.145,85.5,0,1500,0,1
509257602,[[1.669582e+06 0.000000e+00 1.000000e-10]],0.785833333,321.25,0,100,0,2
509259867,[[1.671167e+06 0.000000e+00 1.000000e-10]],0.898666667,152,0,1500,0,0
509261992,[[1.671167e+06 0.000000e+00 1.000000e-10]],0.89625,155.625,0,1500,0,0
509264274,[[1.669582e+06 0.000000e+00 1.000000e-10]],0.652888889,520.6666667,0,1500,0,2
509266366,[[1.671167e+06 0.000000e+00 1.000000e-10]],0.891428571,162.8571429,0,1500,0,0
509268656,[[1.669582e+06 0.000000e+00 1.000000e-10]],0,1601,0,1500,0,3
509270718, 2client_var_big_img.txt,,,,,,
509271552,[[2.95563900e+06 0.00000000e+00 2.32192809e+00]],0.844533333,233.2,0,1500,0,0
509275780,[[3.272814e+06 0.000000e+00 1.000000e-10]],0,2999,0,1500,0,2
509279849,[[3.276757e+06 0.000000e+00 3.000000e+00]],0.90825,137.625,0,1500,0,0
509281977,[[3.27675700e+06 0.00000000e+00 2.32192809e+00]],0.8048,292.8,0,1500,0,0
509284458,[[3.276757e+06 0.000000e+00 1.000000e-10]],0.167333333,1249,0,1500,0,1
509286919,[[3.27675700e+06 0.00000000e+00 2.32192809e+00]],0.832,252,0,1500,0,0
509289028,[[3.27675700e+06 0.00000000e+00 2.80735492e+00]],0.856857143,214.7142857,0,1500,0,0
509291126,[[3.27675700e+06 9.18000000e+02 1.08923008e+00]],0.348571429,65.14285714,0,1500,0,0
509291171, 3client_small_txt_1.txt,,,,,,
509293297,[[0.00e+00 5.84e+02 1.00e-10]],0.995555556,0.444444444,0,100,0,2
509295422,[[0.00e+00 5.84e+02 1.00e-10]],0.994444444,0.555555556,0,100,0,2
509297751,[[0.00e+00 5.84e+02 1.00e-10]],0.988333333,1.166666667,0,100,0,2
509299919,[[0.00e+00 5.84e+02 1.00e-10]],0.99,1,0,100,0,2
509301981,[[0.00e+00 5.84e+02 1.00e-10]],0.99,1,0,100,0,2
509304170,[[0.00e+00 5.84e+02 1.00e-10]],0.991111111,0.888888889,0,100,0,2
509306342,[[0.00e+00 5.84e+02 1.00e-10]],0.986666667,1.333333333,0,100,0,2
509308618,[[0.00e+00 5.84e+02 1.00e-10]],0.925625,7.4375,0,100,0,3
509310760,[[0.00e+00 5.84e+02 1.00e-10]],0.925384615,7.461538462,0,100,0,3
509311250, 4client_med_img_2.txt,,,,,,
509313311,[[8.30895e+05 0.00000e+00 1.00000e-10]],0.663636364,33.63636364,0,100,0,1
509315644,[[8.24536e+05 0.00000e+00 1.00000e-10]],0.580666667,629,0,100,0,3
509317932,[[8.24536e+05 0.00000e+00 1.00000e-10]],0.903619048,144.5714286,0,1500,0,2
509320153,[[8.30895e+05 0.00000e+00 1.00000e-10]],0.298,70.2,0,1500,0,0
509322409,[[8.24536e+05 0.00000e+00 1.00000e-10]],0.34,66,0,100,0,2
509324576,[[8.30895e+05 0.00000e+00 1.00000e-10]],0.826923077,17.30769231,0,100,0,1
509326746,[[8.24536e+05 0.00000e+00 1.00000e-10]],0.628222222,557.6666667,0,100,0,3
509329348,[[8.30895e+05 0.00000e+00 1.00000e-10]],0.73,27,0,1500,0,1
509331484, 5client_var_med_img.txt,,,,,,
509331635,[[3.51236786e+05 0.00000000e+00 2.97809489e+00]],0.585714286,41.42857143,0,100,0,0
509333883,[[6.6973e+04 0.0000e+00 3.0000e+00]],0.919166667,121.25,0,100,0,2
509336065,[[6.697300e+04 0.000000e+00 3.169925e+00]],0.909777778,135.3333333,0,1500,0,2
509338184,[[8.47600000e+04 0.00000000e+00 3.66449778e+00]],0.665,33.5,0,1500,0,1
509340519,[[6.6973e+04 0.0000e+00 3.0000e+00]],0.92125,118.125,0,100,0,2
509342881,[[6.69727000e+04 0.00000000e+00 3.32192809e+00]],0.127,87.3,0,1500,0,3
509345348,[[6.69726000e+04 0.00000000e+00 3.32192809e+00]],0.104,89.6,0,100,0,2
509347583,[[8.476000e+04 0.000000e+00 4.169925e+00]],0.918333333,8.166666667,0,100,0,0
509349646,[[8.476e+04 0.000e+00 4.000e+00]],0.89125,10.875,0,100,0,0
509351593, 1client_big_img.txt,,,,,,
509351851,[[9.50072909e+05 0.00000000e+00 2.04945207e+00]],0.577272727,42.27272727,0,100,0,1
509353919,[[1.671167e+06 0.000000e+00 1.000000e-10]],0.259,74.1,0,100,0,0
509356351,[[1.671167e+06 0.000000e+00 1.000000e-10]],0.736666667,26.33333333,0,100,0,1
509360747,[[1.669582e+06 0.000000e+00 1.000000e-10]],0.855757576,216.3636364,0,100,0,2
509362818,[[1.669582e+06 0.000000e+00 1.000000e-10]],0.975,2.5,0,1500,0,2
509364938,[[1.671167e+06 0.000000e+00 1.000000e-10]],0.89,165,0,100,0,0
509367230,[[1.669582e+06 0.000000e+00 1.000000e-10]],0.642444444,536.3333333,0,1500,0,2
509369413,[[1.671167e+06 0.000000e+00 1.000000e-10]],0.374444444,62.55555556,0,1500,0,1
509371667,[[1.99228500e+06 0.00000000e+00 7.21928095e-01]],0.859866667,210.2,0,100,0,0
509371890, 2client_var_big_img.txt,,,,,,
509375902,[[3.272814e+06 0.000000e+00 1.000000e-10]],0,2272,0,1500,0,3
509378306,[[3.27675700e+06 0.00000000e+00 2.32192809e+00]],0.834,249,0,1500,0,0
509382637,[[3.272815e+06 0.000000e+00 1.000000e-10]],0,2917,0,1500,0,2
509386273,[[3.2767570e+06 0.0000000e+00 2.5849625e+00]],0.857,214.5,0,1500,0,0
509388337,[[3.2767570e+06 0.0000000e+00 2.5849625e+00]],0.841777778,237.3333333,0,1500,0,0
509390445,[[3.27675700e+06 0.00000000e+00 2.32192809e+00]],0.814933333,277.6,0,1500,0,0
509392015, 3client_small_txt_1.txt,,,,,,
509392525,[[3.27675700e+06 9.18000000e+02 7.34529921e-01]],0.585714286,41.42857143,0,1500,0,0
509394815,[[0.00e+00 9.18e+02 1.00e-10]],0.99,1,0,100,0,1
509396962,[[0.00e+00 9.18e+02 1.00e-10]],0.989545455,1.045454545,0,100,0,1
509399097,[[0.00e+00 9.18e+02 1.00e-10]],0.985,1.5,0,100,0,1
509401235,[[0.00e+00 9.18e+02 1.00e-10]],0.986111111,1.388888889,0,100,0,1
509403515,[[0.00e+00 9.18e+02 1.00e-10]],0.985714286,1.428571429,0,100,0,1
509405696,[[0.00e+00 9.18e+02 1.00e-10]],0.99,1,0,100,0,1
509407823,[[0.00e+00 9.18e+02 1.00e-10]],0.987894737,1.210526316,0,100,0,1
509409920,[[0.00e+00 9.18e+02 1.00e-10]],0.987368421,1.263157895,0,100,0,1
509412007,[[8.30895000e+05 9.18000000e+02 8.73981048e-01]],0.85,15,0,100,0,1
509412046, 4client_med_img_2.txt,,,,,,
509414110,[[8.30895e+05 0.00000e+00 1.00000e-10]],0.985,1.5,0,100,0,1
509416245,[[8.30895e+05 0.00000e+00 1.00000e-10]],0.989375,1.0625,0,100,0,1
509418312,[[8.30895e+05 0.00000e+00 1.00000e-10]],0.985,1.5,0,100,0,1
509420511,[[8.30895e+05 0.00000e+00 1.00000e-10]],0.982,1.8,0,100,0,1
509422625,[[8.30895e+05 0.00000e+00 1.00000e-10]],0.985,1.5,0,100,0,1
509424736,[[8.30895e+05 0.00000e+00 1.00000e-10]],0.983125,1.6875,0,100,0,1
509426899,[[8.30895e+05 0.00000e+00 1.00000e-10]],0.975714286,2.428571429,0,100,0,1
509428947,[[8.30895e+05 0.00000e+00 1.00000e-10]],0.986666667,1.333333333,0,100,0,1
509430989,[[8.30895e+05 0.00000e+00 1.00000e-10]],0.983157895,1.684210526,0,100,0,1
509432171, 5client_var_med_img.txt,,,,,,
509433038,[[1.84244667e+05 0.00000000e+00 3.77355726e+00]],0.794,20.6,0,100,0,1
509435221,[[6.697300e+04 0.000000e+00 3.169925e+00]],0.161111111,83.88888889,0,100,0,2
509437514,[[8.47600000e+04 0.00000000e+00 3.66449778e+00]],0.762142857,23.78571429,0,100,0,1
509439703,[[8.47600000e+04 0.00000000e+00 4.08746284e+00]],0.947647059,5.235294118,0,100,0,0
509441788,[[8.47600000e+04 0.00000000e+00 4.05881389e+00]],0.927222222,7.277777778,0,100,0,0
509443823,[[8.47600000e+04 0.00000000e+00 4.08746284e+00]],0.934117647,6.588235294,0,100,0,0
509445943,[[8.4760000e+04 0.0000000e+00 3.9068906e+00]],0.776666667,22.33333333,0,100,0,1
509448076,[[8.47600000e+04 0.00000000e+00 4.08746284e+00]],0.945882353,5.411764706,0,100,0,0
509450113,[[8.476000e+04 0.000000e+00 4.169925e+00]],0.932222222,6.777777778,0,100,0,0
509452173,[[6.13562333e+05 0.00000000e+00 3.13291456e+00]],0.734,26.6,0,100,0,0
509452187, 1client_big_img.txt,,,,,,
509454377,[[1.671167e+06 0.000000e+00 1.000000e-10]],0.706153846,29.38461538,0,100,0,1
509456519,[[1.669582e+06 0.000000e+00 1.000000e-10]],0.372,942,0,100,0,3
509458924,[[1.671167e+06 0.000000e+00 1.000000e-10]],0.931777778,102.3333333,0,1500,0,0
509461144,[[1.671167e+06 0.000000e+00 1.000000e-10]],0.817857143,18.21428571,0,1500,0,1
509463217,[[1.671167e+06 0.000000e+00 1.000000e-10]],0.613076923,38.69230769,0,100,0,0
509465304,[[1.669582e+06 0.000000e+00 1.000000e-10]],0.288,71.2,0,100,0,2
509467360,[[1.671167e+06 0.000000e+00 1.000000e-10]],0.844615385,15.53846154,0,100,0,1
509469401,[[1.671167e+06 0.000000e+00 1.000000e-10]],0.995333333,0.466666667,0,100,0,1
509471457,[[1.671167e+06 0.000000e+00 1.000000e-10]],0.995333333,0.466666667,0,100,0,1
509472281, 2client_var_big_img.txt,,,,,,
509473846,[[3.27675700e+06 0.00000000e+00 3.32192809e+00]],0.204,79.6,0,100,0,0
509475927,[[3.2767570e+06 0.0000000e+00 1.5849625e+00]],0.711777778,432.3333333,0,100,0,1
509477957,[[3.276757e+06 0.000000e+00 2.000000e+00]],0.728666667,407,0,1500,0,1
509480078,[[3.272815e+06 0.000000e+00 1.000000e-10]],0.286,1071,0,1500,0,3
509482485,[[3.272814e+06 0.000000e+00 1.000000e-10]],0.045333333,1432,0,1500,0,2
509485594,[[3.2767570e+06 0.0000000e+00 1.5849625e+00]],0.691777778,462.3333333,0,1500,0,1
509487826,[[3.276757e+06 0.000000e+00 3.169925e+00]],0.92837037,107.4444444,0,1500,0,0
509489847,[[3.27675700e+06 0.00000000e+00 3.45943162e+00]],0.255454545,74.45454545,0,1500,0,0
509492005,[[3.27675700e+06 9.18000000e+02 1.92192809e+00]],0.810666667,284,0,100,0,1
509492687, 3client_small_txt_1.txt,,,,,,
509494069,[[0.00e+00 9.18e+02 1.00e-10]],0.996315789,0.368421053,0,1500,0,1
509496170,[[0.00e+00 9.18e+02 1.00e-10]],0.999473684,0.052631579,0,100,0,1
509498208,[[0.00e+00 9.18e+02 1.00e-10]],0.999444444,0.055555556,0,100,0,1
509500233,[[0.00e+00 9.18e+02 1.00e-10]],0.994736842,0.526315789,0,100,0,1
509502304,[[0.00e+00 9.18e+02 1.00e-10]],0.99,1,0,100,0,1
509504350,[[0.00e+00 9.18e+02 1.00e-10]],0.988333333,1.166666667,0,100,0,1
509506383,[[0.00e+00 9.18e+02 1.00e-10]],0.994444444,0.555555556,0,100,0,1
509508421,[[0.00e+00 9.18e+02 1.00e-10]],0.991578947,0.842105263,0,100,0,1
509510468,[[0.00e+00 9.18e+02 1.00e-10]],0.991666667,0.833333333,0,100,0,1
509512604,[[8.30895000e+05 9.18000000e+02 8.52405179e-01]],0.892222222,10.77777778,0,100,0,1
509512796, 4client_med_img_2.txt,,,,,,
509514634,[[8.30895e+05 0.00000e+00 1.00000e-10]],0.997647059,0.235294118,0,100,0,1
509516662,[[8.30895e+05 0.00000e+00 1.00000e-10]],0.997058824,0.294117647,0,100,0,1
509518688,[[8.30895e+05 0.00000e+00 1.00000e-10]],0.993125,0.6875,0,100,0,1
509520715,[[8.30895e+05 0.00000e+00 1.00000e-10]],0.986666667,1.333333333,0,100,0,1
509522787,[[8.30895e+05 0.00000e+00 1.00000e-10]],0.986666667,1.333333333,0,100,0,1
509524815,[[8.30895e+05 0.00000e+00 1.00000e-10]],0.988,1.2,0,100,0,1
509526876,[[8.30895e+05 0.00000e+00 1.00000e-10]],0.988666667,1.133333333,0,100,0,1
509528946,[[8.30895e+05 0.00000e+00 1.00000e-10]],0.985333333,1.466666667,0,100,0,1
509530968,[[8.30895e+05 0.00000e+00 1.00000e-10]],0.997058824,0.294117647,0,100,0,1
509532812, 5client_var_med_img.txt,,,,,,
509533078,[[3.33471667e+05 0.00000000e+00 3.13291456e+00]],0.804666667,19.53333333,0,100,0,0
509535188,[[8.47600000e+04 0.00000000e+00 3.80735492e+00]],0.712857143,28.71428571,0,100,0,1
509537382,[[6.69724000e+04 0.00000000e+00 3.32192809e+00]],0.245,75.5,0,100,0,2
509539586,[[6.69729091e+04 0.00000000e+00 3.45943162e+00]],0.317272727,68.27272727,0,100,0,3
509541740,[[8.476e+04 0.000e+00 4.000e+00]],0.903125,9.6875,0,100,0,0
509543839,[[8.476e+04 0.000e+00 4.000e+00]],0.7375,26.25,0,100,0,1
509545949,[[8.476e+04 0.000e+00 4.000e+00]],0.908125,9.1875,0,100,0,0
509548011,[[8.476e+04 0.000e+00 4.000e+00]],0.89375,10.625,0,100,0,0
509550119,[[8.47600000e+04 0.00000000e+00 3.80735492e+00]],0.727142857,27.28571429,0,100,0,1
509552294,[[1.98074786e+05 0.00000000e+00 3.80735492e+00]],0.85,15,0,100,0,0
509552859, 1client_big_img.txt,,,,,,
509554340,[[1.671167e+06 0.000000e+00 1.000000e-10]],0.923333333,115,0,100,0,0
509556594,[[1.671167e+06 0.000000e+00 1.000000e-10]],0.64,36,0,1500,0,1
509558716,[[1.671167e+06 0.000000e+00 1.000000e-10]],0.335454545,66.45454545,0,100,0,0
509561039,[[1.671167e+06 0.000000e+00 1.000000e-10]],0.689090909,31.09090909,0,100,0,1
509563126,[[1.669582e+06 0.000000e+00 1.000000e-10]],0.932583333,101.125,0,100,0,2
509565192,[[1.669582e+06 0.000000e+00 1.000000e-10]],0.980769231,1.923076923,0,1500,0,2
509567221,[[1.669582e+06 0.000000e+00 1.000000e-10]],0.986428571,1.357142857,0,100,0,2
509569251,[[1.669582e+06 0.000000e+00 1.000000e-10]],0.981428571,1.857142857,0,100,0,2
509571303,[[1.669582e+06 0.000000e+00 1.000000e-10]],0.983076923,1.692307692,0,100,0,2
509572937, 2client_var_big_img.txt,,,,,,
509573385,[[1.669582e+06 0.000000e+00 1.000000e-10]],0.9875,1.25,0,100,0,2
509575442,[[3.272814e+06 0.000000e+00 1.000000e-10]],0.177333333,1234,0,100,0,2
509578136,[[3.2767570e+06 0.0000000e+00 1.5849625e+00]],0.686222222,470.6666667,0,1500,0,1
509580293,[[3.27675700e+06 0.00000000e+00 2.80735492e+00]],0.896,156,0,1500,0,0
509582416,[[3.272815e+06 0.000000e+00 1.000000e-10]],0.358,963,0,1500,0,3
509584456,[[3.2767570e+06 0.0000000e+00 2.5849625e+00]],0.890111111,164.8333333,0,1500,0,0
509586723,[[3.2767570e+06 0.0000000e+00 1.5849625e+00]],0.693555556,459.6666667,0,1500,0,1
509589073,[[3.2767570e+06 0.0000000e+00 2.5849625e+00]],0.872444444,191.3333333,0,1500,0,0
509591117,[[3.276757e+06 0.000000e+00 3.000000e+00]],0.893333333,160,0,1500,0,0
509593327,[[3.27675700e+06 9.18000000e+02 9.21928095e-01]],0.136,86.4,0,1500,0,1
509593343, 3client_small_txt_1.txt,,,,,,
509595395,[[0.00e+00 9.18e+02 1.00e-10]],0.969444444,3.055555556,0,100,0,0
509597447,[[0.00e+00 9.18e+02 1.00e-10]],0.974736842,2.526315789,0,100,0,0
509599504,[[0.00e+00 9.18e+02 1.00e-10]],0.971666667,2.833333333,0,100,0,0
509601532,[[0.00e+00 9.18e+02 1.00e-10]],0.972777778,2.722222222,0,100,0,0
509603595,[[0.00e+00 9.18e+02 1.00e-10]],0.971052632,2.894736842,0,100,0,0
509605623,[[0.00e+00 9.18e+02 1.00e-10]],0.972777778,2.722222222,0,100,0,0
509607757,[[0.00e+00 5.84e+02 1.00e-10]],0.988888889,1.111111111,0,100,0,2
509609821,[[0.00e+00 5.84e+02 1.00e-10]],0.989473684,1.052631579,0,100,0,2
509611892,[[0.00e+00 5.84e+02 1.00e-10]],0.997777778,0.222222222,0,100,0,2
509613406, 4client_med_img_2.txt,,,,,,
509613937,[[8.24536000e+05 5.84000000e+02 9.61236605e-01]],0.634615385,36.53846154,0,100,0,2
509616025,[[8.30895e+05 0.00000e+00 1.00000e-10]],0.268,73.2,0,100,0,0
509618232,[[8.24536e+05 0.00000e+00 1.00000e-10]],0.696666667,30.33333333,0,100,0,2
509620414,[[8.30895e+05 0.00000e+00 1.00000e-10]],0.878571429,12.14285714,0,100,0,1
509622543,[[8.24536e+05 0.00000e+00 1.00000e-10]],0.52,48,0,100,0,2
509624684,[[8.30895e+05 0.00000e+00 1.00000e-10]],0.335454545,66.45454545,0,100,0,0
509626813,[[8.30895e+05 0.00000e+00 1.00000e-10]],0.874285714,12.57142857,0,100,0,1
509628855,[[8.30895e+05 0.00000e+00 1.00000e-10]],0.986,1.4,0,100,0,1
509631044,[[8.24536e+05 0.00000e+00 1.00000e-10]],0.766833333,349.75,0,100,0,3
509633285,[[5.43920000e+05 0.00000000e+00 1.85428587e+00]],0.792307692,20.76923077,0,1500,0,1
509633437, 5client_var_med_img.txt,,,,,,
509635437,[[6.69728182e+04 0.00000000e+00 3.45943162e+00]],0.383636364,61.63636364,0,100,0,3
509637488,[[8.47600000e+04 0.00000000e+00 3.80735492e+00]],0.716428571,28.35714286,0,100,0,1
509639659,[[6.69725000e+04 0.00000000e+00 3.32192809e+00]],0.171,82.9,0,100,0,2
509641749,[[8.4760000e+04 0.0000000e+00 3.9068906e+00]],0.771333333,22.86666667,0,100,0,1
509643865,[[8.476e+04 0.000e+00 4.000e+00]],0.896875,10.3125,0,100,0,0
509645917,[[8.47600000e+04 0.00000000e+00 4.08746284e+00]],0.908823529,9.117647059,0,100,0,0
509648025,[[8.47600000e+04 0.00000000e+00 3.80735492e+00]],0.729285714,27.07142857,0,100,0,1
509650180,[[8.47600000e+04 0.00000000e+00 4.08746284e+00]],0.917058824,8.294117647,0,100,0,0
509652240,[[8.47600000e+04 0.00000000e+00 4.08746284e+00]],0.914705882,8.529411765,0,100,0,0
509653546, 1client_big_img.txt,,,,,,
509654274,[[1.23851055e+06 0.00000000e+00 1.27761344e+00]],0.325454545,67.45454545,0,100,0,0
509656647,[[1.671167e+06 0.000000e+00 1.000000e-10]],0.765,23.5,0,100,0,1
509658678,[[1.671167e+06 0.000000e+00 1.000000e-10]],0.983076923,1.692307692,0,100,0,1
509660723,[[1.671167e+06 0.000000e+00 1.000000e-10]],0.984285714,1.571428571,0,100,0,1
509662775,[[1.671167e+06 0.000000e+00 1.000000e-10]],0.985714286,1.428571429,0,100,0,1
509664826,[[1.671167e+06 0.000000e+00 1.000000e-10]],0.985,1.5,0,100,0,1
509666869,[[1.671167e+06 0.000000e+00 1.000000e-10]],0.981538462,1.846153846,0,100,0,1
509668930,[[1.671167e+06 0.000000e+00 1.000000e-10]],0.983846154,1.615384615,0,100,0,1
509670979,[[1.671167e+06 0.000000e+00 1.000000e-10]],0.985714286,1.428571429,0,100,0,1
509673040,[[1.671167e+06 0.000000e+00 1.000000e-10]],0.982727273,1.727272727,0,100,0,1
509673671, 2client_var_big_img.txt,,,,,,
509675070,[[3.276757e+06 0.000000e+00 2.000000e+00]],0.718333333,422.5,0,100,0,1
509677375,[[3.272814e+06 0.000000e+00 1.000000e-10]],0.107333333,1339,0,1500,0,2
509680247,[[3.2767570e+06 0.0000000e+00 1.5849625e+00]],0.751333333,373,0,1500,0,1
509682730,[[3.272815e+06 0.000000e+00 1.000000e-10]],0.341333333,988,0,1500,0,3
509684969,[[3.27675700e+06 0.00000000e+00 2.80735492e+00]],0.890857143,163.7142857,0,1500,0,0
509687018,[[3.27675700e+06 0.00000000e+00 2.80735492e+00]],0.871142857,193.2857143,0,1500,0,0
509689224,[[3.2767570e+06 0.0000000e+00 1.5849625e+00]],0.717111111,424.3333333,0,1500,0,1
509691350,[[3.2767570e+06 0.0000000e+00 2.5849625e+00]],0.858222222,212.6666667,0,1500,0,0
509693408,[[3.27675700e+06 9.18000000e+02 2.52192809e+00]],0.049,95.1,0,1500,0,0
509693828, 3client_small_txt_1.txt,,,,,,
509695535,[[0.00e+00 9.18e+02 1.00e-10]],0.988333333,1.166666667,0,100,0,1
509697576,[[0.00e+00 9.18e+02 1.00e-10]],0.992105263,0.789473684,0,100,0,1
509699624,[[0.00e+00 9.18e+02 1.00e-10]],0.990555556,0.944444444,0,100,0,1
509701664,[[0.00e+00 9.18e+02 1.00e-10]],0.993684211,0.631578947,0,100,0,1
509703729,[[0.00e+00 9.18e+02 1.00e-10]],0.991052632,0.894736842,0,100,0,1
509705777,[[0.00e+00 9.18e+02 1.00e-10]],0.993333333,0.666666667,0,100,0,1
509707813,[[0.00e+00 9.18e+02 1.00e-10]],0.991578947,0.842105263,0,100,0,1
509709878,[[0.00e+00 9.18e+02 1.00e-10]],0.99,1,0,100,0,1
509711918,[[0.00e+00 9.18e+02 1.00e-10]],0.992222222,0.777777778,0,100,0,1
509713890, 4client_med_img_2.txt,,,,,,
509713974,[[8.30895000e+05 9.18000000e+02 9.70950594e-01]],0.899333333,10.06666667,0,100,0,1
509716037,[[8.30895e+05 0.00000e+00 1.00000e-10]],0.984666667,1.533333333,0,100,0,1
509718079,[[8.30895e+05 0.00000e+00 1.00000e-10]],0.986,1.4,0,100,0,1
509720195,[[8.30895e+05 0.00000e+00 1.00000e-10]],0.986,1.4,0,100,0,1
509722258,[[8.30895e+05 0.00000e+00 1.00000e-10]],0.988666667,1.133333333,0,100,0,1
509724326,[[8.30895e+05 0.00000e+00 1.00000e-10]],0.983571429,1.642857143,0,100,0,1
509726395,[[8.30895e+05 0.00000e+00 1.00000e-10]],0.986,1.4,0,100,0,1
509728432,[[8.30895e+05 0.00000e+00 1.00000e-10]],0.984666667,1.533333333,0,100,0,1
509730479,[[8.30895e+05 0.00000e+00 1.00000e-10]],0.985,1.5,0,100,0,1
509732515,[[8.30895e+05 0.00000e+00 1.00000e-10]],0.989333333,1.066666667,0,100,0,1
509734000, 5client_var_med_img.txt,,,,,,
509734560,[[3.48101765e+05 0.00000000e+00 3.17512314e+00]],0.824117647,17.58823529,0,100,0,1
509736601,[[8.47600000e+04 0.00000000e+00 3.80735492e+00]],0.735,26.5,0,100,0,1
509738636,[[8.47600000e+04 0.00000000e+00 3.80735492e+00]],0.701428571,29.85714286,0,100,0,1
509740689,[[6.69730000e+04 0.00000000e+00 3.32192809e+00]],0.262,73.8,0,100,0,2
509742894,[[8.47600000e+04 0.00000000e+00 3.80735492e+00]],0.737142857,26.28571429,0,100,0,1
509745110,[[6.69728571e+04 0.00000000e+00 3.80735492e+00]],0.705714286,29.42857143,0,100,0,3
509747174,[[8.47600000e+04 0.00000000e+00 4.14266436e+00]],0.962631579,3.736842105,0,100,0,0
509749205,[[8.47600000e+04 0.00000000e+00 4.39231742e+00]],0.972857143,2.714285714,0,100,0,0
509751231,[[8.476000e+04 0.000000e+00 4.169925e+00]],0.975,2.5,0,100,0,0
509753254,[[8.476000e+04 0.000000e+00 4.169925e+00]],0.976111111,2.388888889,0,100,0,0
509754109, 1client_big_img.txt,,,,,,
509755308,[[1.671167e+06 0.000000e+00 1.000000e-10]],0.625,37.5,0,100,0,0
509757541,[[1.671167e+06 0.000000e+00 1.000000e-10]],0.840666667,15.93333333,0,100,0,1
509759599,[[1.671167e+06 0.000000e+00 1.000000e-10]],0.995263158,0.473684211,0,100,0,1
509761633,[[1.671167e+06 0.000000e+00 1.000000e-10]],0.996111111,0.388888889,0,100,0,1
509763666,[[1.671167e+06 0.000000e+00 1.000000e-10]],0.998235294,0.176470588,0,100,0,1
509765709,[[1.671167e+06 0.000000e+00 1.000000e-10]],0.997058824,0.294117647,0,100,0,1
509767751,[[1.671167e+06 0.000000e+00 1.000000e-10]],0.996842105,0.315789474,0,100,0,1
509770147,[[1.671167e+06 0.000000e+00 1.000000e-10]],1,0,0,100,0,1
509772178,[[1.671167e+06 0.000000e+00 1.000000e-10]],0.998125,0.1875,0,100,0,1
509774237,[[1.669582e+06 0.000000e+00 1.000000e-10]],0.635666667,546.5,0,100,0,3
509774531, 2client_var_big_img.txt,,,,,,
509776623,[[3.2767570e+06 0.0000000e+00 1.5849625e+00]],0.727777778,408.3333333,0,1500,0,1
509778853,[[3.276757e+06 0.000000e+00 3.000000e+00]],0.919833333,120.25,0,1500,0,0
509780886,[[3.276757e+06 0.000000e+00 3.000000e+00]],0.893083333,160.375,0,1500,0,0
509783105,[[3.2767570e+06 0.0000000e+00 1.5849625e+00]],0.724222222,413.6666667,0,1500,0,1
509785198,[[3.27675700e+06 0.00000000e+00 2.80735492e+00]],0.884952381,172.5714286,0,1500,0,0
509787244,[[3.27675700e+06 0.00000000e+00 2.80735492e+00]],0.876761905,184.8571429,0,1500,0,0
509789421,[[3.2767570e+06 0.0000000e+00 1.5849625e+00]],0.687777778,468.3333333,0,1500,0,1
509791639,[[3.27675700e+06 0.00000000e+00 2.80735492e+00]],0.892857143,160.7142857,0,1500,0,0
509793741,[[3.272815e+06 0.000000e+00 1.000000e-10]],0.152666667,1271,0,1500,0,2
509795343, 3client_small_txt_1.txt,,,,,,
509796387,[[0.00e+00 9.18e+02 1.00e-10]],0.971666667,2.833333333,0,1500,0,0
509798443,[[0.00e+00 9.18e+02 1.00e-10]],0.97,3,0,100,0,0
509800476,[[0.00e+00 9.18e+02 1.00e-10]],0.970555556,2.944444444,0,100,0,0
509802512,[[0.00e+00 9.18e+02 1.00e-10]],0.975555556,2.444444444,0,100,0,0
509804574,[[0.00e+00 9.18e+02 1.00e-10]],0.972777778,2.722222222,0,100,0,0
509806621,[[0.00e+00 9.18e+02 1.00e-10]],0.970555556,2.944444444,0,100,0,0
509808709,[[0.00e+00 5.84e+02 1.00e-10]],0.952941176,4.705882353,0,100,0,3
509810752,[[0.00e+00 5.84e+02 1.00e-10]],0.947058824,5.294117647,0,100,0,3
509812822,[[0.00e+00 5.84e+02 1.00e-10]],0.942941176,5.705882353,0,100,0,3
509814885,[[0.00e+00 5.84e+02 1.00e-10]],0.951428571,4.857142857,0,100,0,3
509815453, 4client_med_img_2.txt,,,,,,
509816948,[[8.24536e+05 0.00000e+00 1.00000e-10]],0.7664,350.4,0,100,0,3
509818993,[[8.24536e+05 0.00000e+00 1.00000e-10]],0.776666667,335,0,1500,0,3
509821033,[[8.24536e+05 0.00000e+00 1.00000e-10]],0.806133333,290.8,0,1500,0,3
509823070,[[8.24536e+05 0.00000e+00 1.00000e-10]],0.807866667,288.2,0,1500,0,3
509825122,[[8.24536e+05 0.00000e+00 1.00000e-10]],0.801466667,297.8,0,1500,0,3
509827167,[[8.24536e+05 0.00000e+00 1.00000e-10]],0.798533333,302.2,0,1500,0,3
509829202,[[8.24536e+05 0.00000e+00 1.00000e-10]],0.775166667,337.25,0,1500,0,3
509831239,[[8.24536e+05 0.00000e+00 1.00000e-10]],0.7972,304.2,0,1500,0,3
509833350,[[8.30895e+05 0.00000e+00 1.00000e-10]],0.310909091,68.90909091,0,1500,0,0
509835461,[[4.45754000e+05 0.00000000e+00 1.79248125e+00]],0.857111111,214.3333333,0,100,0,3
509835828, 5client_var_med_img.txt,,,,,,
509837572,[[6.69725714e+04 0.00000000e+00 3.80735492e+00]],0.603571429,39.64285714,0,1500,0,3
509839638,[[8.47600000e+04 0.00000000e+00 3.80735492e+00]],0.752142857,24.78571429,0,100,0,1
509841697,[[8.47600000e+04 0.00000000e+00 3.80735492e+00]],0.747857143,25.21428571,0,100,0,1
509843737,[[8.47600000e+04 0.00000000e+00 3.80735492e+00]],0.727142857,27.28571429,0,100,0,1
509845778,[[8.476e+04 0.000e+00 4.000e+00]],0.89875,10.125,0,100,0,0
509847874,[[8.47600000e+04 0.00000000e+00 3.80735492e+00]],0.738571429,26.14285714,0,100,0,1
509850054,[[8.476e+04 0.000e+00 4.000e+00]],0.895625,10.4375,0,100,0,0
509852159,[[6.69730000e+04 0.00000000e+00 3.45943162e+00]],0.376363636,62.36363636,0,100,0,3
509854355,[[8.476e+04 0.000e+00 4.000e+00]],0.90125,9.875,0,100,0,0
509855890, 1client_big_img.txt,,,,,,
509856392,[[1.01016408e+06 0.00000000e+00 1.94733880e+00]],0.420833333,57.91666667,0,100,0,0
509858494,[[1.671167e+06 0.000000e+00 1.000000e-10]],0.79,21,0,100,0,1
509860545,[[1.671167e+06 0.000000e+00 1.000000e-10]],0.983076923,1.692307692,0,100,0,1
509862609,[[1.671167e+06 0.000000e+00 1.000000e-10]],0.984615385,1.538461538,0,100,0,1
509864648,[[1.671167e+06 0.000000e+00 1.000000e-10]],0.986153846,1.384615385,0,100,0,1
509866712,[[1.671167e+06 0.000000e+00 1.000000e-10]],0.986428571,1.357142857,0,100,0,1
509868751,[[1.671167e+06 0.000000e+00 1.000000e-10]],0.985714286,1.428571429,0,100,0,1
509870799,[[1.671167e+06 0.000000e+00 1.000000e-10]],0.985,1.5,0,100,0,1
509872863,[[1.671167e+06 0.000000e+00 1.000000e-10]],0.985714286,1.428571429,0,100,0,1
509874915,[[1.671167e+06 0.000000e+00 1.000000e-10]],0.995,0.5,0,100,0,1
509876000, 2client_var_big_img.txt,,,,,,
509876938,[[2.95563900e+06 0.00000000e+00 2.32192809e+00]],0.8176,273.6,0,100,0,1
509879332,[[3.272814e+06 0.000000e+00 1.000000e-10]],0.22,1170,0,1500,0,2
509881911,[[3.2767570e+06 0.0000000e+00 1.5849625e+00]],0.735333333,397,0,1500,0,1
509883947,[[3.27675700e+06 0.00000000e+00 2.80735492e+00]],0.886095238,170.8571429,0,1500,0,0
509886098,[[3.2767570e+06 0.0000000e+00 1.5849625e+00]],0.681555556,477.6666667,0,1500,0,1
509888508,[[3.27675700e+06 0.00000000e+00 2.80735492e+00]],0.90247619,146.2857143,0,1500,0,0
509890563,[[3.276757e+06 0.000000e+00 3.000000e+00]],0.8785,182.25,0,1500,0,0
509892747,[[3.2767570e+06 0.0000000e+00 1.5849625e+00]],0.710666667,434,0,1500,0,1
509894901,[[3.276757e+06 0.000000e+00 3.000000e+00]],0.912416667,131.375,0,1500,0,0
509896218, 3client_small_txt_1.txt,,,,,,
509896932,[[3.27675700e+06 9.18000000e+02 6.40206433e-01]],0.895882353,10.41176471,0,1500,0,0
509899012,[[0.00e+00 9.18e+02 1.00e-10]],0.991578947,0.842105263,0,100,0,0
509901071,[[0.00e+00 9.18e+02 1.00e-10]],0.992631579,0.736842105,0,100,0,0
509903099,[[0.00e+00 9.18e+02 1.00e-10]],0.995789474,0.421052632,0,100,0,0
509905230,[[0.00e+00 9.18e+02 1.00e-10]],0.987894737,1.210526316,0,100,0,0
509907287,[[0.00e+00 9.18e+02 1.00e-10]],0.968333333,3.166666667,0,100,0,0
509909322,[[0.00e+00 9.18e+02 1.00e-10]],0.969444444,3.055555556,0,100,0,0
509911382,[[0.00e+00 9.18e+02 1.00e-10]],0.972105263,2.789473684,0,100,0,0
509913425,[[0.00e+00 9.18e+02 1.00e-10]],0.974444444,2.555555556,0,100,0,0
509915482,[[0.00e+00 9.18e+02 1.00e-10]],0.974705882,2.529411765,0,100,0,0
509916296, 4client_med_img_2.txt,,,,,,
509917549,[[8.30895e+05 0.00000e+00 1.00000e-10]],0.376363636,62.36363636,0,100,0,0
509919799,[[8.24536e+05 0.00000e+00 1.00000e-10]],0.796166667,305.75,0,100,0,3
509921918,[[8.30895e+05 0.00000e+00 1.00000e-10]],0.852142857,14.78571429,0,1500,0,1
509924069,[[8.24536e+05 0.00000e+00 1.00000e-10]],0.8088,286.8,0,100,0,3
509926505,[[8.30895e+05 0.00000e+00 1.00000e-10]],0.906428571,9.357142857,0,1500,0,1
509928568,[[8.30895e+05 0.00000e+00 1.00000e-10]],0.995625,0.4375,0,100,0,1
509930638,[[8.30895e+05 0.00000e+00 1.00000e-10]],0.986,1.4,0,100,0,1
509932674,[[8.30895e+05 0.00000e+00 1.00000e-10]],0.986,1.4,0,100,0,1
509934717,[[8.30895e+05 0.00000e+00 1.00000e-10]],0.987333333,1.266666667,0,100,0,1
509936328, 5client_var_med_img.txt,,,,,,
509936749,[[3.51236786e+05 0.00000000e+00 2.97809489e+00]],0.823571429,17.64285714,0,100,0,1
509938909,[[6.69730000e+04 0.00000000e+00 3.45943162e+00]],0.353636364,64.63636364,0,100,0,3
509940974,[[8.47600000e+04 0.00000000e+00 3.80735492e+00]],0.734285714,26.57142857,0,100,0,1
509943033,[[8.476e+04 0.000e+00 4.000e+00]],0.906875,9.3125,0,100,0,0
509945107,[[6.69727000e+04 0.00000000e+00 3.32192809e+00]],0.206,79.4,0,100,0,2
509947195,[[8.476e+04 0.000e+00 4.000e+00]],0.900625,9.9375,0,100,0,0
509949282,[[8.47600000e+04 0.00000000e+00 3.80735492e+00]],0.705714286,29.42857143,0,100,0,1
509951402,[[8.476e+04 0.000e+00 4.000e+00]],0.901875,9.8125,0,100,0,0
509953438,[[8.47600000e+04 0.00000000e+00 4.08746284e+00]],0.910588235,8.941176471,0,100,0,0
509955484,[[8.476e+04 0.000e+00 4.000e+00]],0.91,9,0,100,0,0
509956468, 1client_big_img.txt,,,,,,
509957702,[[1.671167e+06 0.000000e+00 1.000000e-10]],0.820833333,17.91666667,0,100,0,1
509959796,[[1.671167e+06 0.000000e+00 1.000000e-10]],0.930666667,104,0,100,0,0
509961845,[[1.671167e+06 0.000000e+00 1.000000e-10]],0.922888889,115.6666667,0,1500,0,0
509963910,[[1.671167e+06 0.000000e+00 1.000000e-10]],0.929407407,105.8888889,0,1500,0,0
509966149,[[1.671167e+06 0.000000e+00 1.000000e-10]],0.780833333,21.91666667,0,1500,0,1
509968262,[[1.671167e+06 0.000000e+00 1.000000e-10]],0.923416667,114.875,0,100,0,0
509970298,[[1.671167e+06 0.000000e+00 1.000000e-10]],0.932074074,101.8888889,0,1500,0,0
509972332,[[1.671167e+06 0.000000e+00 1.000000e-10]],0.930533333,104.2,0,1500,0,0
509974367,[[1.671167e+06 0.000000e+00 1.000000e-10]],0.929111111,106.3333333,0,1500,0,0
509976453,[[1.90053700e+06 0.00000000e+00 5.91672779e-01]],0.930285714,104.5714286,0,1500,0,1
509976609, 2client_var_big_img.txt,,,,,,
509978713,[[3.2767570e+06 0.0000000e+00 2.5849625e+00]],0.873222222,190.1666667,0,1500,0,0
509980791,[[3.2767570e+06 0.0000000e+00 1.5849625e+00]],0.725555556,411.6666667,0,1500,0,1
509982874,[[3.2767570e+06 0.0000000e+00 2.5849625e+00]],0.88,180,0,1500,0,0
509984919,[[3.276757e+06 0.000000e+00 3.000000e+00]],0.888416667,167.375,0,1500,0,0
509987011,[[3.2767570e+06 0.0000000e+00 1.5849625e+00]],0.724,414,0,1500,0,1
509989169,[[3.2767570e+06 0.0000000e+00 2.5849625e+00]],0.874111111,188.8333333,0,1500,0,0
509991210,[[3.27675700e+06 0.00000000e+00 2.80735492e+00]],0.861809524,207.2857143,0,1500,0,0
509993421,[[3.272814e+06 0.000000e+00 1.000000e-10]],0.331333333,1003,0,1500,0,3
509995577,[[3.2767570e+06 0.0000000e+00 1.5849625e+00]],0.706222222,440.6666667,0,1500,0,1
509996765, 3client_small_txt_1.txt,,,,,,
509997808,[[0.00e+00 9.18e+02 1.00e-10]],0.976666667,2.333333333,0,1500,0,0
509999871,[[0.00e+00 9.18e+02 1.00e-10]],0.974210526,2.578947368,0,100,0,0
510001909,[[0.00e+00 9.18e+02 1.00e-10]],0.970555556,2.944444444,0,100,0,0
510003947,[[0.00e+00 9.18e+02 1.00e-10]],0.972105263,2.789473684,0,100,0,0
510005998,[[0.00e+00 9.18e+02 1.00e-10]],0.973333333,2.666666667,0,100,0,0
510008034,[[0.00e+00 9.18e+02 1.00e-10]],0.965555556,3.444444444,0,100,0,0
510010075,[[0.00e+00 9.18e+02 1.00e-10]],0.974444444,2.555555556,0,100,0,0
510012112,[[0.00e+00 9.18e+02 1.00e-10]],0.968333333,3.166666667,0,100,0,0
510014150,[[0.00e+00 9.18e+02 1.00e-10]],0.972631579,2.736842105,0,100,0,0
510016181,[[8.30895000e+05 9.18000000e+02 3.22756959e-01]],0.955882353,4.411764706,0,100,0,0
510016859, 4client_med_img_2.txt,,,,,,
510018232,[[8.30895e+05 0.00000e+00 1.00000e-10]],0.414166667,58.58333333,0,100,0,0
510020429,[[8.30895e+05 0.00000e+00 1.00000e-10]],0.839285714,16.07142857,0,100,0,1
510022559,[[8.24536e+05 0.00000e+00 1.00000e-10]],0.698333333,30.16666667,0,100,0,2
510024604,[[8.30895e+05 0.00000e+00 1.00000e-10]],0.877857143,12.21428571,0,100,0,1
510026644,[[8.30895e+05 0.00000e+00 1.00000e-10]],0.986,1.4,0,100,0,1
510028686,[[8.30895e+05 0.00000e+00 1.00000e-10]],0.984666667,1.533333333,0,100,0,1
510030731,[[8.30895e+05 0.00000e+00 1.00000e-10]],0.985333333,1.466666667,0,100,0,1
510032764,[[8.30895e+05 0.00000e+00 1.00000e-10]],0.98625,1.375,0,100,0,1
510034875,[[8.30895e+05 0.00000e+00 1.00000e-10]],0.988125,1.1875,0,100,0,1
510036890, 5client_var_med_img.txt,,,,,,
510036927,[[4.82698667e+05 0.00000000e+00 2.30689060e+00]],0.878666667,12.13333333,0,100,0,1
510038974,[[8.4760000e+04 0.0000000e+00 3.9068906e+00]],0.747333333,25.26666667,0,100,0,1
510041045,[[8.476e+04 0.000e+00 4.000e+00]],0.905,9.5,0,100,0,0
510043234,[[6.69730000e+04 0.00000000e+00 3.32192809e+00]],0.216,78.4,0,100,0,2
510045288,[[8.476e+04 0.000e+00 4.000e+00]],0.9025,9.75,0,100,0,0
510047373,[[8.47600000e+04 0.00000000e+00 3.80735492e+00]],0.723571429,27.64285714,0,100,0,1
510049483,[[8.476e+04 0.000e+00 4.000e+00]],0.905,9.5,0,100,0,0
510051520,[[8.476e+04 0.000e+00 4.000e+00]],0.9,10,0,100,0,0
510053556,[[8.47600000e+04 0.00000000e+00 3.96981578e+00]],0.909411765,9.058823529,0,100,0,0
510055698,[[8.47600000e+04 0.00000000e+00 3.80735492e+00]],0.726428571,27.35714286,0,100,0,1
510056984, 1client_big_img.txt,,,,,,
510057772,[[1.31863211e+06 0.00000000e+00 9.86426729e-01]],0.067777778,93.22222222,0,100,0,0
510060007,[[1.671167e+06 0.000000e+00 1.000000e-10]],0.75,25,0,100,0,1
510062046,[[1.671167e+06 0.000000e+00 1.000000e-10]],0.984285714,1.571428571,0,100,0,1
510064092,[[1.671167e+06 0.000000e+00 1.000000e-10]],0.983846154,1.615384615,0,100,0,1
510066211,[[1.671167e+06 0.000000e+00 1.000000e-10]],0.984615385,1.538461538,0,100,0,1
510068277,[[1.669582e+06 0.000000e+00 1.000000e-10]],0.644,534,0,100,0,3
510070814,[[1.671167e+06 0.000000e+00 1.000000e-10]],0.748181818,25.18181818,0,1500,0,1
510072862,[[1.671167e+06 0.000000e+00 1.000000e-10]],0.980769231,1.923076923,0,100,0,1
510074929,[[1.671167e+06 0.000000e+00 1.000000e-10]],0.983076923,1.692307692,0,100,0,1
510076967,[[1.84956589e+06 0.00000000e+00 5.03258335e-01]],0.551111111,44.88888889,0,100,0,1
510077031, 2client_var_big_img.txt,,,,,,
510079076,[[3.2767570e+06 0.0000000e+00 2.5849625e+00]],0.855333333,217,0,100,0,0
510081241,[[3.2767570e+06 0.0000000e+00 1.5849625e+00]],0.706,441,0,1500,0,1
510083413,[[3.2767570e+06 0.0000000e+00 2.5849625e+00]],0.875222222,187.1666667,0,1500,0,0
510085500,[[3.272815e+06 0.000000e+00 1.000000e-10]],0.263333333,1105,0,1500,0,3
510087845,[[3.2767570e+06 0.0000000e+00 2.5849625e+00]],0.863555556,204.6666667,0,1500,0,0
510089949,[[3.2767570e+06 0.0000000e+00 1.5849625e+00]],0.695111111,457.3333333,0,1500,0,1
510092219,[[3.272815e+06 0.000000e+00 1.000000e-10]],0.169333333,1246,0,1500,0,2
510094858,[[3.276757e+06 0.000000e+00 3.169925e+00]],0.927703704,108.4444444,0,1500,0,0
510096914,[[3.27675700e+06 9.18000000e+02 2.29248125e+00]],0.324166667,67.58333333,0,1500,0,0
510097203, 3client_small_txt_1.txt,,,,,,
510099027,[[0.00e+00 9.18e+02 1.00e-10]],0.99,1,0,100,0,1
510101066,[[0.00e+00 9.18e+02 1.00e-10]],0.992222222,0.777777778,0,100,0,1
510103111,[[0.00e+00 9.18e+02 1.00e-10]],0.991111111,0.888888889,0,100,0,1
510105150,[[0.00e+00 9.18e+02 1.00e-10]],0.998095238,0.19047619,0,100,0,1
510107180,[[0.00e+00 9.18e+02 1.00e-10]],0.999444444,0.055555556,0,100,0,1
510109337,[[0.00e+00 9.18e+02 1.00e-10]],1,0,0,100,0,1
510111424,[[0.00e+00 9.18e+02 1.00e-10]],1,0,0,100,0,1
510113477,[[0.00e+00 9.18e+02 1.00e-10]],0.996086957,0.391304348,0,100,0,1
510115510,[[0.00e+00 9.18e+02 1.00e-10]],0.999090909,0.090909091,0,100,0,1
510117312, 4client_med_img_2.txt,,,,,,
510117546,[[8.30895000e+05 9.18000000e+02 9.58711883e-01]],0.796666667,20.33333333,0,100,0,1
510119597,[[8.30895e+05 0.00000e+00 1.00000e-10]],0.997058824,0.294117647,0,100,0,1
510121637,[[8.30895e+05 0.00000e+00 1.00000e-10]],0.989333333,1.066666667,0,100,0,1
510123781,[[8.30895e+05 0.00000e+00 1.00000e-10]],0.987333333,1.266666667,0,100,0,1
510125818,[[8.30895e+05 0.00000e+00 1.00000e-10]],0.986,1.4,0,100,0,1
510127842,[[8.30895e+05 0.00000e+00 1.00000e-10]],0.983333333,1.666666667,0,100,0,1
510129912,[[8.30895e+05 0.00000e+00 1.00000e-10]],0.986,1.4,0,100,0,1
510131985,[[8.30895e+05 0.00000e+00 1.00000e-10]],0.9875,1.25,0,100,0,1
510134061,[[8.30895e+05 0.00000e+00 1.00000e-10]],0.988,1.2,0,100,0,1
510136112,[[8.30895e+05 0.00000e+00 1.00000e-10]],0.989333333,1.066666667,0,100,0,1
510137390, 5client_var_med_img.txt,,,,,,
510138151,[[2.3398700e+05 0.0000000e+00 3.5898981e+00]],0.810666667,18.93333333,0,100,0,1
510140206,[[8.4760000e+04 0.0000000e+00 3.9068906e+00]],0.726666667,27.33333333,0,100,0,1
510142277,[[8.47600000e+04 0.00000000e+00 3.77355726e+00]],0.734,26.6,0,100,0,1
510144385,[[8.476e+04 0.000e+00 4.000e+00]],0.895,10.5,0,100,0,0
510146425,[[8.476e+04 0.000e+00 3.875e+00]],0.895625,10.4375,0,100,0,0
510148469,[[8.47600000e+04 0.00000000e+00 3.80735492e+00]],0.727857143,27.21428571,0,100,0,1
510150667,[[8.476e+04 0.000e+00 4.000e+00]],0.9075,9.25,0,100,0,0
510152698,[[8.47600000e+04 0.00000000e+00 4.08746284e+00]],0.908235294,9.176470588,0,100,0,0
510154780,[[8.47600000e+04 0.00000000e+00 4.08746284e+00]],0.907058824,9.294117647,0,100,0,0
510156894,[[8.4760000e+04 0.0000000e+00 3.5849625e+00]],0.726666667,27.33333333,0,100,0,1
510157515, 1client_big_img.txt,,,,,,
510159012,[[1.671167e+06 0.000000e+00 1.000000e-10]],0.926888889,109.6666667,0,100,0,0
510161072,[[1.671167e+06 0.000000e+00 1.000000e-10]],0.930666667,104,0,1500,0,0
510163140,[[1.671167e+06 0.000000e+00 1.000000e-10]],0.924666667,113,0,1500,0,0
510165191,[[1.671167e+06 0.000000e+00 1.000000e-10]],0.92762963,108.5555556,0,1500,0,0
510167223,[[1.671167e+06 0.000000e+00 1.000000e-10]],0.174,82.6,0,1500,0,0
510169454,[[1.671167e+06 0.000000e+00 1.000000e-10]],0.735,26.5,0,100,0,1
510171520,[[1.671167e+06 0.000000e+00 1.000000e-10]],0.982142857,1.785714286,0,100,0,1
510173594,[[1.671167e+06 0.000000e+00 1.000000e-10]],0.986153846,1.384615385,0,100,0,1
510175647,[[1.671167e+06 0.000000e+00 1.000000e-10]],0.984,1.6,0,100,0,1
510177562, 2client_var_big_img.txt,,,,,,
510177691,[[2.07256450e+06 0.00000000e+00 1.06127812e+00]],0.930916667,103.625,0,100,0,1
510179722,[[3.2767570e+06 0.0000000e+00 1.5849625e+00]],0.699333333,451,0,1500,0,1
510181984,[[3.272814e+06 0.000000e+00 1.000000e-10]],0.339333333,991,0,1500,0,3
510184118,[[3.272814e+06 0.000000e+00 1.000000e-10]],0.033333333,1450,0,1500,0,2
510187046,[[3.2767570e+06 0.0000000e+00 1.5849625e+00]],0.735777778,396.3333333,0,1500,0,1
510189076,[[3.276757e+06 0.000000e+00 2.000000e+00]],0.710333333,434.5,0,1500,0,1
510191304,[[3.2767570e+06 0.0000000e+00 2.5849625e+00]],0.877,184.5,0,1500,0,0
510193373,[[3.27675700e+06 0.00000000e+00 2.80735492e+00]],0.866,201,0,1500,0,0
510195460,[[3.2767570e+06 0.0000000e+00 1.5849625e+00]],0.662666667,506,0,1500,0,1
510197656, 3client_small_txt_1.txt,,,,,,
510197829,[[3.27675700e+06 9.18000000e+02 1.14511041e+00]],0.567692308,43.23076923,0,1500,0,0
510199900,[[0.00e+00 9.18e+02 1.00e-10]],0.991111111,0.888888889,0,100,0,1
510201933,[[0.00e+00 9.18e+02 1.00e-10]],0.992777778,0.722222222,0,100,0,1
510203980,[[0.00e+00 9.18e+02 1.00e-10]],0.990555556,0.944444444,0,100,0,1
510206019,[[0.00e+00 9.18e+02 1.00e-10]],0.992105263,0.789473684,0,100,0,1
510208093,[[0.00e+00 9.18e+02 1.00e-10]],0.990526316,0.947368421,0,100,0,1
510210135,[[0.00e+00 9.18e+02 1.00e-10]],0.99,1,0,100,0,1
510212206,[[0.00e+00 9.18e+02 1.00e-10]],0.990555556,0.944444444,0,100,0,1
510214246,[[0.00e+00 9.18e+02 1.00e-10]],0.992105263,0.789473684,0,100,0,1
510216315,[[0.00e+00 9.18e+02 1.00e-10]],0.991052632,0.894736842,0,100,0,1
510217718, 4client_med_img_2.txt,,,,,,
510218356,[[8.30895000e+05 9.18000000e+02 8.36640742e-01]],0.900666667,9.933333333,0,100,0,1
510220425,[[8.30895e+05 0.00000e+00 1.00000e-10]],0.986428571,1.357142857,0,100,0,1
510222448,[[8.30895e+05 0.00000e+00 1.00000e-10]],0.986666667,1.333333333,0,100,0,1
510224483,[[8.30895e+05 0.00000e+00 1.00000e-10]],0.986,1.4,0,100,0,1
510226615,[[8.30895e+05 0.00000e+00 1.00000e-10]],0.987333333,1.266666667,0,100,0,1
510228682,[[8.30895e+05 0.00000e+00 1.00000e-10]],0.99125,0.875,0,100,0,1
510230750,[[8.30895e+05 0.00000e+00 1.00000e-10]],0.988666667,1.133333333,0,100,0,1
510232819,[[8.30895e+05 0.00000e+00 1.00000e-10]],0.987333333,1.266666667,0,100,0,1
510234857,[[8.30895e+05 0.00000e+00 1.00000e-10]],0.985625,1.4375,0,100,0,1
510236930,[[8.30895e+05 0.00000e+00 1.00000e-10]],0.987333333,1.266666667,0,100,0,1
510237828, 5client_var_med_img.txt,,,,,,
510238999,[[8.4760000e+04 0.0000000e+00 3.9068906e+00]],0.737333333,26.26666667,0,100,0,1
510241045,[[8.4760000e+04 0.0000000e+00 3.9068906e+00]],0.739333333,26.06666667,0,100,0,1
510243137,[[8.476e+04 0.000e+00 4.000e+00]],0.909375,9.0625,0,100,0,0
510245171,[[8.47600000e+04 0.00000000e+00 4.08746284e+00]],0.912941176,8.705882353,0,100,0,0
510247209,[[8.476e+04 0.000e+00 4.000e+00]],0.900625,9.9375,0,100,0,0
510249290,[[8.47600000e+04 0.00000000e+00 3.80735492e+00]],0.720714286,27.92857143,0,100,0,1
510251366,[[8.476e+04 0.000e+00 4.000e+00]],0.90625,9.375,0,100,0,0
510253402,[[8.47600000e+04 0.00000000e+00 4.08746284e+00]],0.911176471,8.882352941,0,100,0,0
510255429,[[8.476e+04 0.000e+00 4.000e+00]],0.9025,9.75,0,100,0,0
510257486,[[2.16960583e+05 0.00000000e+00 3.58496250e+00]],0.510833333,48.91666667,0,100,0,1
510257968, 1client_big_img.txt,,,,,,
510259606,[[1.671167e+06 0.000000e+00 1.000000e-10]],0.918166667,122.75,0,100,0,0
510261658,[[1.671167e+06 0.000000e+00 1.000000e-10]],0.924518519,113.2222222,0,1500,0,0
510263951,[[1.669582e+06 0.000000e+00 1.000000e-10]],0.633333333,550,0,1500,0,3
510266530,[[1.671167e+06 0.000000e+00 1.000000e-10]],0.924518519,113.2222222,0,1500,0,0
510268555,[[1.671167e+06 0.000000e+00 1.000000e-10]],0.925925926,111.1111111,0,1500,0,0
510270633,[[1.671167e+06 0.000000e+00 1.000000e-10]],0.013333333,98.66666667,0,1500,0,0
510272921,[[1.671167e+06 0.000000e+00 1.000000e-10]],0.775,22.5,0,100,0,1
510274963,[[1.671167e+06 0.000000e+00 1.000000e-10]],0.986923077,1.307692308,0,100,0,1
510277026,[[1.671167e+06 0.000000e+00 1.000000e-10]],0.984615385,1.538461538,0,100,0,1
510278046, 2client_var_big_img.txt,,,,,,
510279096,[[3.2767570e+06 0.0000000e+00 1.5849625e+00]],0.699777778,450.3333333,0,100,0,1
510281135,[[3.276757e+06 0.000000e+00 2.000000e+00]],0.695833333,456.25,0,1500,0,1
510283500,[[3.272814e+06 0.000000e+00 1.000000e-10]],0.337333333,994,0,1500,0,3
510285566,[[3.272815e+06 0.000000e+00 1.000000e-10]],0,1621,0,1500,0,2
510289074,[[3.2767570e+06 0.0000000e+00 1.5849625e+00]],0.716,426,0,1500,0,1
510291107,[[3.2767570e+06 0.0000000e+00 1.5849625e+00]],0.697333333,454,0,1500,0,1
510293205,[[3.27675700e+06 0.00000000e+00 3.32192809e+00]],0.213,78.7,0,1500,0,0
510295261,[[3.2767570e+06 0.0000000e+00 1.5849625e+00]],0.723777778,414.3333333,0,100,0,1
510297299,[[3.2767570e+06 0.0000000e+00 1.5849625e+00]],0.659111111,511.3333333,0,1500,0,1
510298468, 3client_small_txt_1.txt,,,,,,
510299332,[[3.27675700e+06 9.18000000e+02 3.22756959e-01]],0.593529412,40.64705882,0,1500,0,1
510301467,[[0.00e+00 9.18e+02 1.00e-10]],0.99,1,0,100,0,0
510303503,[[0.00e+00 9.18e+02 1.00e-10]],0.993684211,0.631578947,0,100,0,0
510305537,[[0.00e+00 9.18e+02 1.00e-10]],0.99,1,0,100,0,0
510307574,[[0.00e+00 9.18e+02 1.00e-10]],0.984444444,1.555555556,0,100,0,0
510309605,[[0.00e+00 9.18e+02 1.00e-10]],0.993333333,0.666666667,0,100,0,0
510311631,[[0.00e+00 9.18e+02 1.00e-10]],0.995555556,0.444444444,0,100,0,0
510313735,[[0.00e+00 9.18e+02 1.00e-10]],0.996111111,0.388888889,0,100,0,0
510315761,[[0.00e+00 9.18e+02 1.00e-10]],0.997222222,0.277777778,0,100,0,0
510317797,[[8.30895000e+05 9.18000000e+02 5.03258335e-01]],0.967222222,3.277777778,0,100,0,0
510318484, 4client_med_img_2.txt,,,,,,
510319826,[[8.30895e+05 0.00000e+00 1.00000e-10]],0.4475,55.25,0,100,0,0
510321909,[[8.30895e+05 0.00000e+00 1.00000e-10]],0.864285714,13.57142857,0,100,0,1
510323974,[[8.30895e+05 0.00000e+00 1.00000e-10]],0.984,1.6,0,100,0,1
510326015,[[8.30895e+05 0.00000e+00 1.00000e-10]],0.988,1.2,0,100,0,1
510328070,[[8.30895e+05 0.00000e+00 1.00000e-10]],0.988,1.2,0,100,0,1
510330114,[[8.30895e+05 0.00000e+00 1.00000e-10]],0.988,1.2,0,100,0,1
510332149,[[8.30895e+05 0.00000e+00 1.00000e-10]],0.983333333,1.666666667,0,100,0,1
510334194,[[8.30895e+05 0.00000e+00 1.00000e-10]],0.986,1.4,0,100,0,1
510336232,[[8.30895e+05 0.00000e+00 1.00000e-10]],0.985333333,1.466666667,0,100,0,1
510338295,[[6.31925667e+05 0.00000000e+00 1.36997408e+00]],0.910666667,8.933333333,0,100,0,1
510338593, 5client_var_med_img.txt,,,,,,
510340460,[[8.476e+04 0.000e+00 4.000e+00]],0.9075,9.25,0,100,0,0
510342522,[[8.47600000e+04 0.00000000e+00 3.80735492e+00]],0.735,26.5,0,100,0,1
510344578,[[8.47600000e+04 0.00000000e+00 4.08746284e+00]],0.947058824,5.294117647,0,100,0,0
510346598,[[8.47600000e+04 0.00000000e+00 3.96981578e+00]],0.918823529,8.117647059,0,100,0,0
510348627,[[8.47600000e+04 0.00000000e+00 4.08746284e+00]],0.908235294,9.176470588,0,100,0,0
510350654,[[8.476e+04 0.000e+00 3.875e+00]],0.908125,9.1875,0,100,0,0
510352792,[[8.47600000e+04 0.00000000e+00 3.80735492e+00]],0.717142857,28.28571429,0,100,0,1
510354861,[[8.476e+04 0.000e+00 3.875e+00]],0.9075,9.25,0,100,0,0
510356917,[[8.47600000e+04 0.00000000e+00 4.08746284e+00]],0.908823529,9.117647059,0,100,0,0
510358625, 1client_big_img.txt,,,,,,
510358987,[[6.01175333e+05 0.00000000e+00 2.25162917e+00]],0.855444444,216.8333333,0,100,0,3
510361015,[[1.669582e+06 0.000000e+00 1.000000e-10]],0.709777778,435.3333333,0,1500,0,3
510363116,[[1.671167e+06 0.000000e+00 1.000000e-10]],0.481666667,51.83333333,0,1500,0,0
510365308,[[1.671167e+06 0.000000e+00 1.000000e-10]],0.862857143,13.71428571,0,100,0,1
510367340,[[1.671167e+06 0.000000e+00 1.000000e-10]],0.990666667,0.933333333,0,100,0,1
510369389,[[1.671167e+06 0.000000e+00 1.000000e-10]],0.983846154,1.615384615,0,100,0,1
510371450,[[1.671167e+06 0.000000e+00 1.000000e-10]],0.985714286,1.428571429,0,100,0,1
510373511,[[1.671167e+06 0.000000e+00 1.000000e-10]],0.985384615,1.461538462,0,100,0,1
510375581,[[1.671167e+06 0.000000e+00 1.000000e-10]],0.989333333,1.066666667,0,100,0,1
510377643,[[1.671167e+06 0.000000e+00 1.000000e-10]],0.988571429,1.142857143,0,100,0,1
510378671, 2client_var_big_img.txt,,,,,,
510379705,[[3.2767570e+06 0.0000000e+00 1.5849625e+00]],0.714,429,0,100,0,1
510381739,[[3.276757e+06 0.000000e+00 2.000000e+00]],0.675333333,487,0,1500,0,1
510384212,[[3.272814e+06 0.000000e+00 1.000000e-10]],0.237333333,1144,0,1500,0,3
510386972,[[3.27675700e+06 0.00000000e+00 2.80735492e+00]],0.907238095,139.1428571,0,1500,0,0
510389042,[[3.27675700e+06 0.00000000e+00 3.32192809e+00]],0.928333333,107.5,0,1500,0,0
510391107,[[3.2767570e+06 0.0000000e+00 1.5849625e+00]],0.732,402,0,1500,0,1
510393313,[[3.2767570e+06 0.0000000e+00 2.5849625e+00]],0.868333333,197.5,0,1500,0,0
510395355,[[3.27675700e+06 0.00000000e+00 2.80735492e+00]],0.892761905,160.8571429,0,1500,0,0
510397664,[[3.272814e+06 0.000000e+00 1.000000e-10]],0.091333333,1363,0,1500,0,2
510399437, 3client_small_txt_1.txt,,,,,,
510400479,[[0.00e+00 9.18e+02 1.00e-10]],0.974444444,2.555555556,0,1500,0,0
510402515,[[0.00e+00 9.18e+02 1.00e-10]],0.976111111,2.388888889,0,100,0,0
510404543,[[0.00e+00 9.18e+02 1.00e-10]],0.971052632,2.894736842,0,100,0,0
510406576,[[0.00e+00 9.18e+02 1.00e-10]],0.973333333,2.666666667,0,100,0,0
510408615,[[0.00e+00 9.18e+02 1.00e-10]],0.971052632,2.894736842,0,100,0,0
510410678,[[0.00e+00 9.18e+02 1.00e-10]],0.971578947,2.842105263,0,100,0,0
510412718,[[0.00e+00 9.18e+02 1.00e-10]],0.981666667,1.833333333,0,100,0,0
510414787,[[0.00e+00 9.18e+02 1.00e-10]],0.981666667,1.833333333,0,100,0,0
510416850,[[0.00e+00 9.18e+02 1.00e-10]],0.969444444,3.055555556,0,100,0,0
510418894,[[8.30895000e+05 9.18000000e+02 5.03258335e-01]],0.9,10,0,100,0,0
510419468, 4client_med_img_2.txt,,,,,,
510420955,[[8.30895e+05 0.00000e+00 1.00000e-10]],0.37,63,0,100,0,0
510423120,[[8.30895e+05 0.00000e+00 1.00000e-10]],0.868571429,13.14285714,0,100,0,1
510425164,[[8.30895e+05 0.00000e+00 1.00000e-10]],0.986,1.4,0,100,0,1
510427203,[[8.30895e+05 0.00000e+00 1.00000e-10]],0.9925,0.75,0,100,0,1
510429268,[[8.30895e+05 0.00000e+00 1.00000e-10]],0.987333333,1.266666667,0,100,0,1
510431319,[[8.30895e+05 0.00000e+00 1.00000e-10]],0.987333333,1.266666667,0,100,0,1
510433437,[[8.30895e+05 0.00000e+00 1.00000e-10]],0.985625,1.4375,0,100,0,1
510435474,[[8.30895e+05 0.00000e+00 1.00000e-10]],0.995,0.5,0,100,0,1
510437530,[[8.30895e+05 0.00000e+00 1.00000e-10]],0.998235294,0.176470588,0,100,0,1
510439546, 5client_var_med_img.txt,,,,,,
510439566,[[5.04460938e+05 0.00000000e+00 2.21691719e+00]],0.9425,5.75,0,100,0,1
510441598,[[8.476e+04 0.000e+00 4.000e+00]],0.87625,12.375,0,100,0,1
510443624,[[8.476e+04 0.000e+00 4.000e+00]],0.89,11,0,100,0,1
510445652,[[8.476e+04 0.000e+00 4.000e+00]],0.868125,13.1875,0,100,0,1
510447688,[[8.47600000e+04 0.00000000e+00 3.96981578e+00]],0.888235294,11.17647059,0,100,0,1
510449803,[[8.476000e+04 0.000000e+00 4.169925e+00]],0.887222222,11.27777778,0,100,0,1
510451839,[[8.476e+04 0.000e+00 3.875e+00]],0.879375,12.0625,0,100,0,1
510453864,[[8.476e+04 0.000e+00 4.000e+00]],0.828125,17.1875,0,100,0,1
510455925,[[8.476000e+04 0.000000e+00 4.169925e+00]],0.967222222,3.277777778,0,100,0,0
510457945,[[8.476000e+04 0.000000e+00 4.169925e+00]],0.957777778,4.222222222,0,100,0,0
510459609, 1client_big_img.txt,,,,,,
510459978,[[9.30843733e+05 0.00000000e+00 2.30689060e+00]],0.776666667,22.33333333,0,100,0,0
510462153,[[1.671167e+06 0.000000e+00 1.000000e-10]],0.882142857,11.78571429,0,100,0,1
510464181,[[1.671167e+06 0.000000e+00 1.000000e-10]],1,0,0,100,0,1
510466207,[[1.671167e+06 0.000000e+00 1.000000e-10]],0.999375,0.0625,0,100,0,1
510468233,[[1.671167e+06 0.000000e+00 1.000000e-10]],0.994,0.6,0,100,0,1
510470295,[[1.671167e+06 0.000000e+00 1.000000e-10]],0.983571429,1.642857143,0,100,0,1
510472340,[[1.671167e+06 0.000000e+00 1.000000e-10]],0.988,1.2,0,100,0,1
510474391,[[1.671167e+06 0.000000e+00 1.000000e-10]],0.985714286,1.428571429,0,100,0,1
510476429,[[1.671167e+06 0.000000e+00 1.000000e-10]],0.985384615,1.461538462,0,100,0,1
510478490,[[1.671167e+06 0.000000e+00 1.000000e-10]],0.984615385,1.538461538,0,100,0,1
510479703, 2client_var_big_img.txt,,,,,,
510480552,[[2.63452100e+06 0.00000000e+00 1.92192809e+00]],0.8368,244.8,0,100,0,1
510482793,[[3.2767570e+06 0.0000000e+00 2.5849625e+00]],0.880888889,178.6666667,0,1500,0,0
510485147,[[3.2767570e+06 0.0000000e+00 1.5849625e+00]],0.736222222,395.6666667,0,1500,0,1
510487354,[[3.2767570e+06 0.0000000e+00 2.5849625e+00]],0.879222222,181.1666667,0,1500,0,0
510489381,[[3.2767570e+06 0.0000000e+00 2.5849625e+00]],0.879222222,181.1666667,0,1500,0,0
510491692,[[3.2767570e+06 0.0000000e+00 1.5849625e+00]],0.715333333,427,0,1500,0,1
510493751,[[3.2767570e+06 0.0000000e+00 2.5849625e+00]],0.879777778,180.3333333,0,1500,0,0
510495774,[[3.27675700e+06 0.00000000e+00 2.80735492e+00]],0.881714286,177.4285714,0,1500,0,0
510497812,[[3.27675700e+06 0.00000000e+00 2.80735492e+00]],0.882190476,176.7142857,0,1500,0,0
510500056,[[3.27675700e+06 9.18000000e+02 9.21928095e-01]],0.1,90,0,1500,0,1
510500125, 3client_small_txt_1.txt,,,,,,
510502164,[[0.00e+00 9.18e+02 1.00e-10]],0.974444444,2.555555556,0,100,0,0
510504200,[[0.00e+00 9.18e+02 1.00e-10]],0.976111111,2.388888889,0,100,0,0
510506230,[[0.00e+00 9.18e+02 1.00e-10]],0.972777778,2.722222222,0,100,0,0
510508260,[[0.00e+00 9.18e+02 1.00e-10]],0.973157895,2.684210526,0,100,0,0
510510292,[[0.00e+00 9.18e+02 1.00e-10]],0.973333333,2.666666667,0,100,0,0
510512349,[[0.00e+00 9.18e+02 1.00e-10]],0.972777778,2.722222222,0,100,0,0
510514382,[[0.00e+00 9.18e+02 1.00e-10]],0.971111111,2.888888889,0,100,0,0
510516413,[[0.00e+00 9.18e+02 1.00e-10]],0.969473684,3.052631579,0,100,0,0
510518448,[[0.00e+00 9.18e+02 1.00e-10]],0.967222222,3.277777778,0,100,0,0
510520234, 4client_med_img_2.txt,,,,,,
510520485,[[8.30895000e+05 9.18000000e+02 9.85228136e-01]],0.706428571,29.35714286,0,100,0,0
510522557,[[8.30895e+05 0.00000e+00 1.00000e-10]],0.393636364,60.63636364,0,100,0,0
510524771,[[8.24536e+05 0.00000e+00 1.00000e-10]],0.781166667,328.25,0,100,0,3
510526963,[[8.30895e+05 0.00000e+00 1.00000e-10]],0.842307692,15.76923077,0,1500,0,1
510529064,[[8.24536e+05 0.00000e+00 1.00000e-10]],0.8172,274.2,0,100,0,3
510531099,[[8.24536e+05 0.00000e+00 1.00000e-10]],0.797833333,303.25,0,1500,0,3
510533590,[[8.30895e+05 0.00000e+00 1.00000e-10]],0.850714286,14.92857143,0,1500,0,1
510535730,[[8.30895e+05 0.00000e+00 1.00000e-10]],0.368181818,63.18181818,0,100,0,0
510537971,[[8.24536e+05 0.00000e+00 1.00000e-10]],0.789666667,315.5,0,100,0,3
510540019,[[5.64418214e+05 0.00000000e+00 1.76954599e+00]],0.779285714,22.07142857,0,1500,0,1
510540281, 5client_var_med_img.txt,,,,,,
510542054,[[8.47600000e+04 0.00000000e+00 3.80735492e+00]],0.722142857,27.78571429,0,100,0,1
510544207,[[6.69729091e+04 0.00000000e+00 3.45943162e+00]],0.378181818,62.18181818,0,100,0,3
510546436,[[6.69724000e+04 0.00000000e+00 3.32192809e+00]],0.251,74.9,0,100,0,2
510548695,[[8.47600000e+04 0.00000000e+00 3.80735492e+00]],0.750714286,24.92857143,0,100,0,1
510550867,[[8.476e+04 0.000e+00 4.000e+00]],0.901875,9.8125,0,100,0,0
510552945,[[8.47600000e+04 0.00000000e+00 3.80735492e+00]],0.701428571,29.85714286,0,100,0,1
510555027,[[8.476e+04 0.000e+00 4.000e+00]],0.901875,9.8125,0,100,0,0
510557087,[[8.47600000e+04 0.00000000e+00 4.08746284e+00]],0.904705882,9.529411765,0,100,0,0
510559114,[[8.476e+04 0.000e+00 4.000e+00]],0.900625,9.9375,0,100,0,0
510560390, 1client_big_img.txt,,,,,,
510561143,[[1.19524490e+06 0.00000000e+00 1.35677965e+00]],0.178,82.2,0,100,0,0
510563395,[[1.671167e+06 0.000000e+00 1.000000e-10]],0.788333333,21.16666667,0,100,0,1
510565538,[[1.671167e+06 0.000000e+00 1.000000e-10]],0.986428571,1.357142857,0,100,0,1
510567567,[[1.671167e+06 0.000000e+00 1.000000e-10]],0.988571429,1.142857143,0,100,0,1
510569632,[[1.671167e+06 0.000000e+00 1.000000e-10]],0.987142857,1.285714286,0,100,0,1
510571673,[[1.671167e+06 0.000000e+00 1.000000e-10]],0.986428571,1.357142857,0,100,0,1
510573728,[[1.671167e+06 0.000000e+00 1.000000e-10]],0.985384615,1.461538462,0,100,0,1
510575785,[[1.671167e+06 0.000000e+00 1.000000e-10]],0.983076923,1.692307692,0,100,0,1
510577831,[[1.671167e+06 0.000000e+00 1.000000e-10]],0.983571429,1.642857143,0,100,0,1
510579856,[[1.671167e+06 0.000000e+00 1.000000e-10]],0.983636364,1.636363636,0,100,0,1
510580406, 2client_var_big_img.txt,,,,,,
510581884,[[3.276757e+06 0.000000e+00 2.000000e+00]],0.7145,428.25,0,100,0,1
510583914,[[3.276757e+06 0.000000e+00 2.000000e+00]],0.710166667,434.75,0,1500,0,1
510585981,[[3.276757e+06 0.000000e+00 2.000000e+00]],0.729,406.5,0,1500,0,1
510588111,[[3.2767570e+06 0.0000000e+00 1.5849625e+00]],0.680888889,478.6666667,0,1500,0,1
510590362,[[3.27675700e+06 0.00000000e+00 2.80735492e+00]],0.884285714,173.5714286,0,1500,0,0
510592415,[[3.2767570e+06 0.0000000e+00 2.5849625e+00]],0.877,184.5,0,1500,0,0
510594843,[[3.2767570e+06 0.0000000e+00 1.5849625e+00]],0.711555556,432.6666667,0,1500,0,1
510597046,[[3.2767570e+06 0.0000000e+00 2.5849625e+00]],0.878,183,0,1500,0,0
510599093,[[3.276757e+06 0.000000e+00 3.000000e+00]],0.886583333,170.125,0,1500,0,0
510600796, 3client_small_txt_1.txt,,,,,,
510601290,[[3.27675700e+06 9.18000000e+02 3.71232327e-01]],0.677142857,32.28571429,0,1500,0,1
510603379,[[0.00e+00 9.18e+02 1.00e-10]],0.974444444,2.555555556,0,100,0,0
510605410,[[0.00e+00 9.18e+02 1.00e-10]],0.975555556,2.444444444,0,100,0,0
510607457,[[0.00e+00 9.18e+02 1.00e-10]],0.971666667,2.833333333,0,100,0,0
510609487,[[0.00e+00 9.18e+02 1.00e-10]],0.975,2.5,0,100,0,0
510611526,[[0.00e+00 9.18e+02 1.00e-10]],0.97,3,0,100,0,0
510613584,[[0.00e+00 9.18e+02 1.00e-10]],0.971052632,2.894736842,0,100,0,0
510615643,[[0.00e+00 9.18e+02 1.00e-10]],0.971666667,2.833333333,0,100,0,0
510617698,[[0.00e+00 9.18e+02 1.00e-10]],0.975263158,2.473684211,0,100,0,0
510619739,[[0.00e+00 9.18e+02 1.00e-10]],0.972222222,2.777777778,0,100,0,0
510620875, 4client_med_img_2.txt,,,,,,
510621780,[[8.30895000e+05 9.18000000e+02 6.50022422e-01]],0.4425,55.75,0,100,0,0
510623837,[[8.24536e+05 0.00000e+00 1.00000e-10]],0.822533333,266.2,0,100,0,3
510625872,[[8.24536e+05 0.00000e+00 1.00000e-10]],0.8076,288.6,0,1500,0,3
510627938,[[8.24536e+05 0.00000e+00 1.00000e-10]],0.798533333,302.2,0,1500,0,3
510630178,[[8.30895e+05 0.00000e+00 1.00000e-10]],0.895,10.5,0,1500,0,1
510632215,[[8.30895e+05 0.00000e+00 1.00000e-10]],0.987333333,1.266666667,0,100,0,1
510634283,[[8.30895e+05 0.00000e+00 1.00000e-10]],0.986666667,1.333333333,0,100,0,1
510636328,[[8.30895e+05 0.00000e+00 1.00000e-10]],0.988666667,1.133333333,0,100,0,1
510638378,[[8.30895e+05 0.00000e+00 1.00000e-10]],0.988125,1.1875,0,100,0,1
510640436,[[6.90994688e+05 0.00000000e+00 9.93392729e-01]],0.950625,4.9375,0,100,0,1
510640906, 5client_var_med_img.txt,,,,,,
510642502,[[8.47600000e+04 0.00000000e+00 3.80735492e+00]],0.712857143,28.71428571,0,100,0,1
510644571,[[6.69730000e+04 0.00000000e+00 3.45943162e+00]],0.358181818,64.18181818,0,100,0,3
510646647,[[8.47600000e+04 0.00000000e+00 4.08746284e+00]],0.925882353,7.411764706,0,100,0,0
510648775,[[8.476e+04 0.000e+00 4.000e+00]],0.9175,8.25,0,100,0,0
510650927,[[6.69726000e+04 0.00000000e+00 3.32192809e+00]],0.202,79.8,0,100,0,2
510652983,[[8.476e+04 0.000e+00 4.000e+00]],0.90125,9.875,0,100,0,0
510655066,[[8.47600000e+04 0.00000000e+00 3.80735492e+00]],0.717142857,28.28571429,0,100,0,1
510657136,[[8.476e+04 0.000e+00 4.000e+00]],0.90875,9.125,0,100,0,0
510659173,[[8.47600000e+04 0.00000000e+00 4.08746284e+00]],0.908235294,9.176470588,0,100,0,0
510661202,[[8.47600000e+04 0.00000000e+00 2.80735492e+00]],0.898571429,10.14285714,0,100,0,0
,,0.835203538,,,,,
93751.34606,,,,,,,
